0,Iâ€™m looki,0,0,0,0,0,0
1,Road back,0,0,0,0,0,0
2,Why grow ,0,0,0,1,0,0
3,4 Whatâ€™s ,0,0,0,0,0,0
4,Those of ,0,0,1,0,0,0
5,Shout out,0,0,0,0,0,0
6,ACED THE ,1,0,0,0,1,1
7,Did my fi,0,0,0,0,0,0
8,Overstabl,0,0,0,1,0,0
9,What disc,0,0,1,1,0,0
10,why didnâ€™,0,0,1,1,0,0
11,All Axiom,1,1,0,1,0,0
12,Disc Reco,0,0,0,1,0,0
13,What's wi,0,1,1,1,0,0
14,Help iden,0,0,0,0,0,0
15,It might ,0,0,1,0,0,0
16,Phil told,0,0,0,0,0,0
17,Looking f,0,0,0,1,0,0
18,Any tips ,0,0,1,1,0,0
19,Itâ€™s a th,0,0,0,0,0,0
20,Whale Dir,0,0,0,1,0,0
21,Tournamen,0,0,1,1,0,0
22,When did ,0,0,1,0,0,0
23,Found thi,0,0,0,0,0,0
24,Great Lak,0,0,0,1,0,0
25,Pet Suppl,0,0,0,0,0,0
26,"""I'm a fr",0,0,0,1,0,0
27,Beaded fe,0,0,1,1,0,0
28,Does anyo,0,0,1,1,0,0
29,MPO/FPO l,0,0,0,1,0,0
30,Can someo,0,0,0,1,0,0
31,Go ahead.,0,0,0,0,0,0
32,DGLO Reca,0,0,0,0,0,0
33,Got some ,0,0,0,0,0,0
34,2023 Cash,0,0,1,1,0,0
35,Finally g,1,0,0,0,1,1
36,Giving aw,0,0,0,0,0,0
37,Is this w,0,0,1,0,0,0
38,Painting ,0,0,0,0,0,0
39,You would,0,0,1,0,0,0
40,Disc that,0,1,1,0,0,0
41,Introduci,0,0,0,1,0,0
42,Innova ha,0,1,1,1,0,0
43,Best cour,0,0,1,0,0,0
44,Stoked to,0,0,0,0,0,0
45,Looking f,0,0,0,1,0,0
46,Does anyo,0,0,1,0,0,0
47,Just star,0,0,0,1,0,0
48,A couple ,0,0,0,0,0,0
49,Infinite ,0,0,0,1,0,0
50,Lat64 Cut,0,0,1,1,0,0
51,Pure Gold,0,0,0,0,0,0
52,What's yo,0,0,1,0,0,0
53,I shot a ,0,0,0,0,0,0
54,Could I g,0,0,1,1,0,0
55,What disc,0,1,1,0,0,0
56,Got my si,0,0,0,0,0,0
57,Ace alert,1,0,0,0,1,1
58,A very su,0,0,1,0,0,0
59,Simon's h,0,0,0,0,0,0
60,First ace,1,0,0,0,1,1
61,Disc ID p,0,0,0,0,0,0
62,Any chanc,0,0,1,0,0,0
63,Anybody k,0,0,1,0,0,0
64,Explain t,0,0,0,1,0,0
65,How well ,0,0,1,1,0,0
66,When to s,0,0,1,1,0,0
67,Zuca cart,0,0,1,1,0,0
68,First Ace,1,1,0,0,1,1
69,Quickly b,0,0,0,0,0,0
70,I love Si,0,1,0,1,0,0
71,I come to,0,0,0,0,0,0
72,Icrank di,0,0,0,0,0,0
73,When is s,0,0,0,1,0,0
74,TOMB Gang,0,1,1,1,0,0
75,Roundabou,0,0,0,0,0,0
76,Found at ,0,0,1,0,0,0
77,New to te,0,0,0,1,0,0
78,When did ,0,0,0,0,0,0
79,Short Dis,0,0,0,0,0,0
80,Tips for ,0,1,0,1,0,0
81,Form Chec,0,0,0,1,0,0
82,European ,0,0,0,0,0,0
83,Gap in th,0,0,1,0,0,0
84,To you th,0,0,1,0,0,0
85,Just play,0,1,1,1,0,0
86,Going to ,0,1,1,1,0,0
87,Embraced ,1,1,0,0,0,0
88,Short pla,0,0,1,1,0,0
89,Fpo lesso,0,0,0,0,0,0
90,Did anyon,0,0,0,1,0,0
91,RECOMMEND,0,0,1,0,0,0
92,The perks,0,0,0,1,0,0
93,Help with,0,0,0,0,0,0
94,Best disc,0,1,1,1,0,0
95,Anyone el,0,0,1,0,0,0
96,Letâ€™s tal,0,0,0,1,0,0
97,What amat,0,0,1,1,0,0
98,Trick Sho,0,0,0,0,0,0
99,Start of ,0,0,1,0,0,0
100,Jomez hot,0,0,0,0,0,0
101,Fall/Wint,0,0,0,1,0,0
102,People wh,0,0,0,1,0,0
103,Scot Powe,0,0,0,0,0,0
104,Cool Form,0,0,0,0,0,0
105,Little he,0,0,1,1,0,0
106,Double PR,0,0,0,0,0,0
107,If Simon ,0,0,0,0,0,0
108,I've adde,0,0,0,0,0,0
109,20 Year B,0,0,0,1,0,0
110,There's a,0,0,0,0,0,0
111,Commentat,0,0,0,1,0,0
112,What is l,0,0,1,1,0,0
113,Garbage t,0,0,0,0,0,0
114,Just noti,0,0,0,0,0,0
115,Forehand ,0,0,0,1,0,0
116,90% of th,0,0,0,0,0,0
117,*whiney T,0,0,0,0,0,0
118,I want to,0,0,0,1,0,0
119,OB rules ,0,0,0,1,0,0
120,Prodigy a,0,0,0,1,0,0
121,Which is ,0,0,1,0,0,0
122,Looking f,0,0,0,0,0,0
123,The Putti,0,0,0,1,0,0
124,Faster Zo,0,0,0,0,0,0
125,For Jerm,0,0,0,0,0,0
126,Who tf is,0,0,1,1,0,0
127,Winter Wi,0,0,0,0,0,0
128,You bough,0,0,1,0,0,0
129,New meme ,0,0,0,0,0,0
130,Trash Pan,0,0,0,0,0,0
131,What disc,0,0,0,1,0,0
132,Made anot,0,1,0,0,0,0
133,What are ,0,0,1,0,0,0
134,Favourite,0,0,0,0,0,0
135,Best way ,0,0,1,0,0,0
136,Code,0,0,0,0,0,0
137,Course Su,0,0,0,1,0,0
138,"So, this ",0,0,0,0,0,0
139,Do they m,0,0,1,1,0,0
140,Disc ID -,0,0,0,1,0,0
141,I broke t,0,0,0,0,0,0
142,Calvin's ,0,1,0,1,0,0
143,Throwing ,0,0,1,1,0,0
144,Which pro,0,0,1,1,0,0
145,Still ver,0,0,1,0,0,0
146,Disc Golf,0,0,0,0,0,0
147,Help me w,0,0,0,1,0,0
148,Just noti,0,0,0,0,0,0
149,Favorite ,0,0,1,1,0,0
150,Any one e,0,0,1,0,0,0
151,Am Tourna,0,0,0,1,0,0
152,Disc rele,0,0,0,0,0,0
153,Ohn got t,0,0,0,0,0,0
154,Discraft ,0,1,0,1,0,0
155,Two very ,0,0,0,0,0,0
156,The artic,0,0,0,0,0,0
157,Landed sa,0,0,1,1,0,0
158,Manabu Ka,0,0,0,0,0,0
159,2023 Ulti,0,0,0,0,0,0
160,What do y,0,0,1,1,0,0
161,not worki,0,0,1,1,0,0
162,They actu,0,0,0,0,0,0
163,Innova Fi,0,0,1,1,0,0
164,What happ,0,0,1,0,0,0
165,Here's an,0,0,0,0,0,0
166,Nate Sext,0,0,0,0,0,0
167,"Tactic, z",0,0,1,1,0,0
168,My UP shi,0,0,0,0,0,0
169,Bought my,0,0,0,1,0,0
170,Transferr,0,0,0,1,0,0
171,Innova DX,0,0,1,1,0,0
172,Disc golf,0,0,0,0,0,0
173,go check ,0,0,0,0,0,0
174,Simon's K,0,0,0,0,0,0
175,Upcoming ,0,0,0,1,0,0
176,Roundabou,0,0,0,0,0,0
177,Do you th,0,0,1,1,0,0
178,The look ,0,0,0,0,0,0
179,Watching ,0,0,0,0,0,0
180,My buddie,0,0,0,0,0,0
181,Beginner ,0,0,0,1,0,0
182,Ace Sunda,1,1,0,0,1,1
183,When the ,0,0,1,1,0,0
184,*insert f,0,0,0,0,0,0
185,Nikko/Joe,0,0,0,1,0,0
186,My Favori,0,1,0,1,0,0
187,Courses f,0,0,0,1,0,0
188,Power dis,0,0,0,0,0,0
189,Best Glow,0,0,0,1,0,0
190,Hammer te,0,0,0,0,0,0
191,Me celebr,0,0,0,0,0,0
192,Who makes,0,0,1,1,0,0
193,Tried to ,0,0,0,0,0,0
194,I really ,0,0,0,0,0,0
195,Great sel,0,0,0,0,0,0
196,â€œThe tour,0,1,0,1,0,0
197,Disc wall,0,0,0,0,0,0
198,Log jam b,0,0,0,1,0,0
199,Are myste,0,0,1,1,0,0
200,POV Sunda,0,0,0,0,1,1
201,OHN DAWG-,0,0,0,0,0,0
202,109Â° yest,0,0,1,0,0,0
203,Glow Disc,0,0,1,1,0,0
204,In a cour,0,0,1,1,0,0
205,Drying ou,0,0,0,1,0,0
206,Sweet tas,0,0,0,0,0,0
207,Congrats ,0,0,0,0,0,0
208,Anyone el,0,0,1,1,0,0
209,Tattar & ,0,0,0,0,0,0
210,Why donâ€™t,0,1,1,0,0,0
211,"""PLAY IT ",0,0,0,0,0,0
212,"PORTLAND,",0,0,0,1,0,0
213,All the r,0,0,0,0,0,0
214,Signatur ,0,0,0,1,0,0
215,I'm focus,0,0,0,1,0,0
216,Anyone kn,0,0,1,0,0,0
217,Favorite ,0,0,1,0,0,0
218,Who else ,0,0,1,0,0,0
219,What am I,0,0,1,1,0,0
220,SMASH tha,0,0,0,0,0,0
221,Pdga Memb,0,0,0,1,0,0
222,It seems ,0,0,0,0,0,0
223,Gotta res,0,0,0,0,0,0
224,Interesti,1,0,0,0,0,0
225,Putter re,0,0,0,1,0,0
226,Coming so,0,0,0,0,0,0
227,What disc,0,0,1,0,0,0
228,Power gri,0,0,1,0,0,0
229,It can't ,0,0,0,0,0,0
230,Watch Eve,0,0,0,0,0,0
231,Discraft ,0,1,0,1,0,0
232,DGLO Scre,0,0,0,1,0,0
233,What bran,0,0,0,0,0,0
234,Is there ,0,0,1,0,0,0
235,Tattar & ,0,0,0,0,0,0
236,DGPT Cham,0,0,0,0,0,0
237,New Disc ,0,0,0,1,0,0
238,Prodigy C,0,0,0,0,0,0
239,Putting a,0,0,0,1,0,0
240,Who is go,0,0,1,1,0,0
241,DGN Subsc,0,0,0,1,0,0
242,More Cour,0,0,0,1,0,0
243,Best area,0,1,0,1,0,0
244,Roadtrip ,0,0,0,1,0,0
245,Just star,0,0,0,0,0,0
246,Nate sext,0,0,0,0,0,0
247,My FIRST ,1,1,0,1,1,1
248,Best slin,0,0,1,1,0,0
249,What plas,0,0,1,1,0,0
250,This guy ,0,0,0,1,0,0
251,Nexus vs ,0,0,0,1,0,0
252,Rate my B,0,0,0,0,0,0
253,Help with,0,1,0,1,0,0
254,Found thi,0,0,0,0,0,0
255,Jomez - w,0,0,1,1,0,0
256,DX is now,0,0,1,0,0,0
257,Any ideas,0,0,1,0,0,0
258,Dope litt,1,1,0,0,1,0
259,Do you th,0,0,1,0,0,0
260,Growth St,0,0,0,1,0,0
261,There is ,0,0,0,0,0,0
262,Wondering,0,1,0,0,0,0
263,DGN.... t,0,0,0,0,0,0
264,Assistanc,0,0,0,0,0,0
265,How often,0,0,1,0,0,0
266,Lost PDGA,1,1,1,1,0,0
267,The Presi,0,0,0,0,0,0
268,Looking f,0,0,0,1,0,0
269,Doggy bro,0,0,0,0,0,0
270,Found thi,0,0,0,0,0,0
271,First tim,0,0,0,0,0,0
272,For those,0,0,1,0,0,0
273,Best sign,0,0,1,0,0,0
274,What are ,0,0,1,1,0,0
275,Does mapl,0,0,0,1,0,0
276,Used Bin ,0,0,0,0,0,0
277,DGLO Youn,0,0,0,0,0,0
278,Is it jus,0,0,1,0,0,0
279,This is w,0,0,0,0,0,0
280,Dennis Au,0,0,0,0,0,0
281,Kristin T,0,0,0,0,0,0
282,Man Innov,0,0,0,0,0,0
283,What is t,0,0,1,0,0,0
284,Form Prog,0,0,0,0,0,0
285,Kristin T,0,0,0,0,0,0
286,WTH UDisc,0,0,1,0,0,0
287,Disc simi,0,0,1,1,0,0
288,Bag revie,0,0,0,1,0,0
289,When your,0,0,0,0,0,0
290,Super hig,0,0,0,1,0,0
291,Legit web,0,0,1,1,0,0
292,Question ,0,0,0,1,0,0
293,Incredibl,0,0,0,0,0,0
294,Any one w,0,0,1,1,0,0
295,Kristin T,0,0,0,1,0,0
296,Front leg,0,0,0,1,0,0
297,Ratings f,0,0,0,1,0,0
298,What is y,0,0,1,0,0,0
299,No Lizott,0,0,1,1,0,0
300,Form help,0,0,0,0,0,0
301,Ricky Wys,0,0,0,0,0,0
302,Hey New D,0,0,0,1,0,0
303,I recentl,0,1,0,1,0,0
304,FREE LIVE,0,0,0,0,0,0
305,Debuting ,0,0,0,0,0,0
306,Dave and ,0,0,0,0,0,0
307,First cou,0,0,0,0,0,0
308,Looking f,0,0,0,1,0,0
309,Discraft ,0,1,0,1,0,0
310,This is s,0,0,0,0,0,0
311,Greatest ,0,0,1,1,0,0
312,Took Albe,0,0,0,0,0,0
313,Shoulda h,0,0,0,0,0,0
314,Boyfriend,0,0,0,1,0,0
315,Live from,0,0,0,0,0,0
316,Disc you ,0,0,0,0,0,0
317,European ,0,0,0,1,0,0
318,Someone w,1,1,0,1,0,0
319,I made so,0,0,0,0,0,0
320,Watching ,0,0,1,0,0,0
321,Pegasus T,0,0,0,1,0,0
322,One Week ,0,0,0,0,0,0
323,McBeth is,0,0,0,0,0,0
324,Pre-game ,0,1,0,0,0,0
325,Yeah you ,0,0,0,0,0,0
326,This game,0,0,1,0,0,0
327,What is t,0,0,1,1,0,0
328,Foundatio,0,0,0,0,0,0
329,Hit my fi,1,0,0,0,1,1
330,Mydiscgol,0,0,0,1,0,0
331,Trees in ,0,0,0,0,0,0
332,Disc Dr. ,0,0,0,0,0,0
333,Has anyon,0,0,1,1,0,0
334,UPDATE: P,0,0,0,0,0,0
335,Disc ID: ,0,0,0,0,0,0
336,Up and ov,0,0,0,0,0,0
337,Gotta lov,0,0,0,0,0,0
338,Wish DGPT,0,0,0,0,0,0
339,Full powe,0,0,1,1,0,0
340,Question ,0,0,0,1,0,0
341,Disc ID -,0,0,1,0,0,0
342,Will Schu,0,0,0,0,0,0
343,Timing on,0,0,0,1,0,0
344,Neighbor ,0,0,0,1,0,0
345,(Probably,0,0,0,1,0,0
346,Lake Taho,0,0,0,1,0,0
347,Squatch L,0,1,0,1,0,0
348,Are myste,0,0,1,1,0,0
349,Friday sk,0,0,0,0,1,1
350,Where can,0,0,1,1,0,0
351,Discrafts,0,0,0,1,0,0
352,Rest in t,0,0,0,0,0,0
353,Introduci,0,0,0,0,0,0
354,More or F,0,0,0,1,0,0
355,Disc pric,0,0,1,0,0,0
356,Eagle out,0,0,0,0,0,0
357,Just got ,0,0,1,0,0,0
358,Visited E,0,0,1,0,0,0
359,I think P,0,0,0,0,0,0
360,When I lo,0,0,0,0,0,0
361,Ordered a,0,0,1,1,0,0
362,First Dye,0,0,0,0,0,0
363,Nomez?,0,1,1,0,0,0
364,Innova F2,0,0,0,0,0,0
365,Ricky Wys,0,0,0,0,0,0
366,What in y,0,0,1,0,0,0
367,Playoffs ,0,0,0,0,0,0
368,Hyperflig,0,0,1,1,0,0
369,Beginner ,0,0,0,1,0,0
370,Diavolo R,0,0,0,0,0,0
371,Cleaning ,0,0,1,1,0,0
372,New Putte,0,0,0,0,0,0
373,Replaceme,1,0,0,1,0,0
374,Prodigy F,0,0,0,1,0,0
375,Let's Cha,0,0,0,0,0,0
376,Help!!,0,0,0,0,0,0
377,Disc.ai,0,0,0,1,0,0
378,Discraft ,0,1,0,1,0,0
379,Best step,0,0,0,1,0,0
380,These 20 ,0,0,0,0,0,0
381,Where to ,0,0,1,1,0,0
382,Elevated ,0,1,0,1,0,0
383,European ,0,0,0,0,0,0
384,Bottom St,0,0,1,1,0,0
385,Since we ,0,0,0,0,0,0
386,Going to ,0,0,1,1,0,0
387,Are there,0,0,1,0,0,0
388,Best axio,0,0,1,0,0,0
389,If lightn,0,0,0,1,0,0
390,Any Idea ,0,0,1,0,0,0
391,Anyone kn,0,0,1,0,0,0
392,How stabl,0,0,1,0,0,0
393,New guard,0,1,0,0,0,0
394,What CE D,0,0,1,1,0,0
395,Shorewood,0,0,0,0,0,0
396,Augusta/W,0,0,0,0,0,0
397,Best disc,0,0,0,1,0,0
398,Just a be,0,0,0,0,0,0
399,Bert Krei,0,0,0,0,0,0
400,Where are,0,0,1,0,0,0
401,The Machi,0,0,0,0,0,0
402,Innova: T,0,0,0,0,0,0
403,Any tips ,0,0,1,0,0,0
404,European ,0,0,0,1,0,0
405,*Crystal*,0,0,0,0,0,0
406,Best glow,0,0,1,0,0,0
407,What??,0,0,1,0,0,0
408,Lost Disc,0,0,0,1,0,0
409,Pet peeve,0,0,0,1,0,0
410,Anyone ha,0,0,0,1,0,0
411,Rating Ca,0,0,0,1,0,0
412,Does some,0,0,1,0,0,0
413,Disc Golf,0,0,1,1,0,0
414,which run,0,0,1,0,0,0
415,Please he,0,0,1,1,0,0
416,DGLO MPO ,0,0,0,0,0,0
417,Different,0,0,0,1,0,0
418,Ricky bet,0,0,0,0,0,0
419,Backyard ,0,0,0,0,0,0
420,Found thi,0,0,0,0,0,0
421,My First ,1,0,0,0,1,1
422,Received ,0,0,0,1,0,0
423,European ,0,0,0,0,0,0
424,Macie V,0,0,0,1,0,0
425,Why hasnâ€™,0,0,1,1,0,0
426,Intro to ,0,0,0,1,0,0
427,I don't d,0,0,1,1,0,0
428,DeLa Faul,0,0,0,0,0,0
429,How would,0,0,1,1,0,0
430,MVP open ,0,0,0,1,0,0
431,Kristin T,0,0,0,0,0,0
432,This is a,0,0,0,0,0,0
433,No Brodie,0,0,1,0,0,0
434,Michigan ,0,1,0,1,0,0
435,My Disc P,0,0,0,1,0,0
436,Scratch S,0,0,1,1,0,0
437,Thoughts ,0,0,1,0,0,0
438,Fun Chall,0,0,0,0,0,0
439,Do you re,0,0,1,1,0,0
440,Kristin T,0,1,0,1,0,0
441,I want to,0,1,0,0,0,0
442,DGLO food,0,0,0,1,0,0
443,Disc help,0,0,0,0,0,0
444,Rate my b,0,0,0,0,0,0
445,My Aerobi,0,0,0,0,0,0
446,Best cour,0,0,0,0,0,0
447,Drone Ove,0,0,0,0,0,0
448,Whats the,0,0,1,1,0,0
449,Bad Rock ,0,0,0,1,0,0
450,Idlewild ,0,0,0,0,0,0
451,Anyone ha,0,0,1,0,0,0
452,Do you th,0,1,1,1,0,0
453,Cart user,0,0,1,0,0,0
454,Most dura,0,0,0,1,0,0
455,What is t,0,0,1,0,0,0
456,Leopard3 ,0,1,0,1,0,0
457,Update on,0,0,0,1,0,0
458,What do u,0,0,1,0,0,0
459,Wife cadd,0,0,1,1,0,0
460,Discmania,0,0,0,1,0,0
461,Tournamen,0,0,1,1,0,0
462,Discraft ,0,1,0,1,0,0
463,European ,0,0,0,0,0,0
464,I'm in lo,0,0,0,0,0,0
465,Which tre,0,0,1,0,0,0
466,Kevin Kie,0,0,0,0,0,0
467,Non woode,0,0,0,0,0,0
468,Some elev,0,0,0,0,0,0
469,What dist,0,0,0,1,0,0
470,Courses i,0,0,1,1,0,0
471,Looking t,0,0,0,0,0,0
472,Best glow,0,0,1,0,0,0
473,What inst,0,0,1,0,0,0
474,Met Antho,1,1,0,1,1,1
475,Pain in r,0,0,0,1,0,0
476,Does anyo,0,0,1,1,0,0
477,Popular D,0,0,0,1,0,0
478,RHBH turn,0,0,0,1,0,0
479,Help iden,0,0,0,0,0,0
480,Club Orga,0,0,0,1,0,0
481,I saw a p,0,0,0,0,0,0
482,Form upda,0,0,1,0,0,0
483,Wrong sta,0,0,1,0,0,0
484,In-person,0,0,0,1,0,0
485,Personal ,0,0,0,0,0,0
486,My Uncle ,0,0,1,0,0,0
487,2023 Euro,0,0,0,0,0,0
488,Need help,0,0,0,1,0,0
489,Which dis,0,0,1,0,0,0
490,15-year-o,0,0,0,0,0,0
491,How to re,0,0,0,1,0,0
492,Max Dista,0,0,1,0,0,0
493,Playing t,0,0,0,1,0,0
494,How do I ,0,0,1,1,0,0
495,New Discr,0,0,1,1,0,0
496,What word,0,0,1,0,0,0
497,DG form c,0,0,0,0,0,0
498,What disc,0,0,1,0,0,0
499,Where are,0,0,1,1,0,0
500,Taco Tues,0,1,0,0,1,1
501,disc weig,0,0,0,1,0,0
502,Played my,0,0,0,0,0,0
503,Wing it d,0,0,1,1,0,0
504,Disc Reco,0,0,1,1,0,0
505,Iceland T,0,0,0,1,0,0
506,SKY WALKE,0,0,0,0,0,0
507,New TSA P,0,1,1,1,0,0
508,Question ,0,0,0,1,0,0
509,Got my fi,1,1,0,0,1,1
510,Hello fro,0,0,0,0,0,0
511,Suggestio,0,0,1,1,0,0
512,The arriv,0,0,0,0,0,0
513,Traveling,0,0,0,1,0,0
514,Played a ,0,0,0,1,0,0
515,So no fpo,0,0,1,0,0,0
516,Intereste,0,0,0,1,0,0
517,Is HyzerF,0,0,1,1,0,0
518,POLL: Are,0,0,1,1,0,0
519,Team Esto,0,0,0,0,0,0
520,Putter Su,0,1,1,0,0,0
521,Any Quest,0,0,0,1,0,0
522,Brand mar,0,0,0,1,0,0
523,Garmin KC,0,0,0,1,0,0
524,Asserted ,0,0,0,0,0,0
525,Tattar x ,0,0,0,0,0,0
526,Sexton,0,0,0,0,1,0
527,ISO: putt,0,0,0,1,0,0
528,Are Thoug,1,0,1,0,0,0
529,Help iden,0,0,0,1,0,0
530,Is there ,0,0,1,0,0,0
531,Older Cha,0,0,0,1,0,0
532,Got 2 Ace,1,1,0,0,0,0
533,Iâ€™ve been,0,0,0,0,0,0
534,Luke Hump,0,0,0,1,0,0
535,Fireflyâ€™s,0,0,0,1,0,0
536,Are these,0,0,1,0,0,0
537,Raised Gr,0,0,0,0,0,0
538,How we lo,0,0,1,0,0,0
539,Anyone he,0,0,1,1,0,0
540,Replaceme,1,0,0,0,0,0
541,Advice to,0,0,0,0,0,0
542,Whatâ€™s th,0,0,1,1,0,0
543,Disc sugg,0,0,1,0,0,0
544,If you co,0,0,1,0,0,0
545,Tournamen,0,0,0,1,0,0
546,OTB Skins,0,0,0,1,0,0
547,In the ba,0,0,1,1,0,0
548,Katana do,0,0,0,0,0,0
549,Disc Art,0,0,0,0,0,0
550,Understab,0,0,0,1,0,0
551,Things yo,0,0,1,0,0,0
552,From the ,0,0,0,0,0,0
553,What are ,0,0,1,1,0,0
554,What puts,0,0,1,0,0,0
555,Whatâ€™s yo,0,0,1,0,0,0
556,Beginner ,0,0,0,1,0,0
557,PGDA #813,0,0,0,0,0,0
558,Manabu Ka,0,0,0,1,0,0
559,Traveling,0,0,1,0,0,0
560,Thoughtsp,1,0,0,0,0,0
561,What's yo,0,0,1,0,0,0
562,Your phys,0,0,0,0,0,0
563,Best Cycl,0,0,1,1,0,0
564,Shortest ,0,0,0,1,0,0
565,Archive o,0,0,1,1,0,0
566,Sanctione,0,0,0,1,0,0
567,Course Re,0,0,0,1,0,0
568,What disc,0,0,1,0,0,0
569,Beautiful,0,0,0,0,0,0
570,Is this h,0,0,1,1,0,0
571,What do D,0,0,1,0,0,0
572,Headed to,0,0,1,0,0,0
573,Pure vs P,0,0,0,1,0,0
574,Tomorrow ,0,0,0,0,0,0
575,Why Idlew,0,1,0,1,0,0
576,Dealing w,0,0,0,1,0,0
577,Disc golf,0,0,0,0,0,0
578,Selling o,0,0,0,1,0,0
579,"Yeah, but",0,0,1,0,0,0
580,My favori,0,0,0,0,0,0
581,How long ,1,1,1,1,0,0
582,A Short V,0,0,0,0,0,0
583,Black Loc,0,0,1,1,0,0
584,Sometimes,0,0,0,0,0,0
585,My Return,0,0,0,1,0,0
586,Favorite ,0,0,1,1,0,0
587,Tell me e,0,0,0,0,0,0
588,Big Jerm ,0,0,0,1,0,0
589,Lost my b,1,1,0,0,0,0
590,Beach cou,0,0,0,0,0,0
591,Form Chec,0,0,0,1,0,0
592,Big z vs ,0,0,0,1,0,0
593,Throwing ,0,0,0,0,0,0
594,Why was I,0,0,1,1,0,0
595,Good YouT,0,0,1,1,0,0
596,Whoâ€™s you,0,1,1,0,0,0
597,Help Unde,0,0,0,1,0,0
598,The Daily,0,0,0,1,0,0
599,Ball golf,0,1,0,1,0,0
600,Nevin Par,0,0,0,1,0,0
601,Roast my ,0,0,0,1,0,0
602,What Disc,0,0,1,1,0,0
603,For those,0,0,1,0,0,0
604,asks abou,0,0,1,0,0,0
605,Form Chec,0,0,0,1,0,0
606,8/14 Oyst,0,1,0,0,0,0
607,Is this w,0,0,0,0,0,0
608,Home Cour,0,0,0,0,0,0
609,Martin St,1,0,0,0,0,0
610,New plast,0,0,0,1,0,0
611,Most Unde,0,0,0,1,0,0
612,Random Du,0,0,0,0,0,0
613,Homemade ,0,0,0,0,0,0
614,You good ,0,0,1,0,0,0
615,Prepping ,0,0,0,0,0,0
616,Why was K,0,0,1,1,0,0
617,Would you,0,0,1,0,0,0
618,Vibram Vd,1,1,0,1,0,0
619,325ft/99m,0,0,1,0,0,0
620,Professio,0,0,0,0,0,0
621,Idea for ,0,0,0,1,0,0
622,Spectacul,0,0,0,0,0,0
623,First tim,0,0,0,0,0,0
624,Innova th,0,0,1,0,0,0
625,What are ,0,0,1,0,0,0
626,How do I ,0,0,0,1,0,0
627,Chain out,0,0,0,0,0,0
628,First ace,1,0,0,0,1,1
629,Play it w,0,0,1,0,0,0
630,Mando Con,0,0,0,1,0,0
631,When youâ€™,0,0,1,0,0,0
632,Anyone kn,0,0,1,1,0,0
633,Dirty Bir,0,0,0,0,0,0
634,Tournamen,0,0,0,1,0,0
635,Overstabl,0,1,1,1,0,0
636,Prodigy X,0,0,1,0,0,0
637,In or Out,0,0,1,1,0,0
638,"Sask, Can",0,0,0,0,0,0
639,Additiona,0,1,0,1,0,0
640,Some of t,0,0,1,0,0,0
641,Newest Li,0,0,0,0,0,0
642,Caption t,0,0,1,0,0,0
643,DGPT Play,0,0,0,1,0,0
644,Disc golf,0,0,0,0,0,0
645,On Tour: ,0,0,0,0,0,0
646,What come,0,0,1,1,0,0
647,Innova F2,0,0,0,1,0,0
648,Nathan Qu,0,0,0,1,0,0
649,Thoughts ,0,0,1,0,0,0
650,Knee Inju,0,0,0,1,0,0
651,Any of th,0,0,1,0,0,0
652,Danger no,0,0,0,0,0,0
653,What is t,0,0,1,0,0,0
654,Colorglow,0,0,0,1,0,0
655,Iâ€™m still,0,0,1,0,0,0
656,Halo orc ,0,1,0,0,0,0
657,Question:,0,0,1,1,0,0
658,LWS Open ,0,1,0,1,0,0
659,Form chec,0,0,0,0,0,0
660,Forced to,0,0,0,1,0,0
661,Well ther,0,0,0,0,0,0
662,Why does ,0,0,1,1,0,0
663,Anyone ha,0,0,0,1,0,0
664,Lynds twi,0,0,0,0,0,0
665,Advice on,0,0,1,0,0,0
666,Improved ,0,0,0,0,0,0
667,Best $5 I,0,0,0,0,0,0
668,Based on ,0,0,0,0,0,0
669,Need help,0,0,0,1,0,0
670,One girl ,0,0,0,1,0,0
671,Couldn't ,0,0,0,0,0,0
672,Cannon Bu,0,0,0,1,0,0
673,Great Lak,0,0,0,1,0,0
674,Erik Karl,0,0,0,0,0,0
675,Question ,0,0,0,1,0,0
676,I am givi,0,0,0,0,0,0
677,Situation,0,0,0,1,0,0
678,Just play,0,0,1,0,0,0
679,Best pro ,0,0,1,1,0,0
680,After yea,0,0,0,0,0,0
681,George sa,0,0,0,0,0,0
682,BOUNTY,0,0,0,0,0,0
683,Played Ma,0,0,0,0,0,0
684,how me be,0,0,1,0,0,0
685,Idlewild ,0,0,0,1,0,0
686,Halo wrai,1,0,1,1,0,0
687,Calling a,0,0,1,1,0,0
688,Tournamen,0,0,1,0,0,0
689,Best shoe,0,0,1,1,0,0
690,Good hyze,0,0,0,0,0,0
691,Double si,0,0,0,1,0,0
692,help me I,0,0,1,0,0,0
693,Sunset ro,0,0,0,0,0,0
694,Looked fo,0,0,0,0,0,0
695,Got a wil,1,1,0,0,1,0
696,Anax type,0,0,1,1,0,0
697,Audio dis,0,0,1,1,0,0
698,What type,0,0,1,0,0,0
699,Looking f,1,1,0,1,0,0
700,Dream mol,0,0,1,1,0,0
701,Best fair,0,0,0,1,0,0
702,Form Chec,0,0,0,0,0,0
703,Zuca Disc,0,0,0,1,0,0
704,Which one,0,0,1,0,0,0
705,Should Di,0,0,1,1,0,0
706,Is grip w,0,0,1,1,0,0
707,Favorite ,0,1,1,0,0,0
708,List of s,0,0,0,1,0,0
709,Thoughts ,0,0,1,1,0,0
710,Injured b,0,0,0,1,0,0
711,Hole 18 ~,0,0,0,0,0,0
712,Well this,0,0,0,1,0,0
713,European ,0,0,0,0,0,0
714,Last nigh,0,0,0,0,0,0
715,Maine (Le,0,0,0,1,0,0
716,This new ,1,0,0,0,0,0
717,The PDGA ,0,0,0,0,0,0
718,Level Up ,0,0,0,1,0,0
719,Disc name,0,0,0,1,0,0
720,DGN and V,0,0,0,1,0,0
721,Best plac,1,1,1,0,0,0
722,It's a BO,0,0,0,0,0,0
723,Tournamen,0,1,0,1,0,0
724,Having tr,0,0,0,1,0,0
725,Kraken Di,0,0,1,1,0,0
726,This is w,0,0,0,1,0,0
727,Help/advi,0,0,0,1,0,0
728,Trying ru,0,0,0,0,0,0
729,Most unus,0,0,0,0,0,0
730,This is w,0,0,0,0,0,0
731,LWS Open ,0,1,0,1,0,0
732,My cousin,0,0,0,0,0,0
733,Thoughtsp,1,1,0,0,1,1
734,Recently ,0,0,0,1,0,0
735,Favorite ,0,0,0,1,0,0
736,Misprint ,0,0,0,1,0,0
737,This 1st ,0,0,0,0,0,0
738,Playlist ,0,0,0,1,0,0
739,Warped di,0,0,1,1,0,0
740,Will Udis,0,0,1,1,0,0
741,Thoughts ,0,0,0,1,0,0
742,Elbow pai,0,0,0,1,0,0
743,I really ,0,0,0,1,0,0
744,Sweet Use,0,0,0,0,0,0
745,Disc Golf,0,0,0,0,0,0
746,Kevin Jon,0,0,0,0,0,0
747,Velcro,0,0,0,0,0,0
748,So I thou,0,0,0,0,0,0
749,Is it pop,0,0,1,0,0,0
750,New Desig,0,0,1,0,0,0
751,I finally,0,0,0,0,0,0
752,Obligator,0,0,1,0,0,0
753,What disc,0,0,1,0,0,0
754,Got my fi,1,1,0,0,1,1
755,"Avalon, C",0,0,0,0,0,0
756,glow golf,0,0,0,0,0,0
757,Divisions,0,0,0,0,0,0
758,Play thro,0,1,1,1,0,0
759,Homies on,0,0,0,0,0,0
760,Opinions ,0,1,0,1,0,0
761,What disc,0,0,1,1,0,0
762,1000th UD,0,0,0,0,0,0
763,Only took,0,0,0,0,0,0
764,Prodigy 4,0,0,0,1,0,0
765,Y'all...,0,0,0,0,0,0
766,Give me y,0,0,0,0,0,0
767,Show your,0,0,0,0,0,0
768,Patiently,0,0,0,0,0,0
769,Following,0,0,1,1,0,0
770,Lost a di,0,0,0,0,0,0
771,The tag i,0,0,1,0,0,0
772,What is t,0,0,1,1,0,0
773,First Ace,1,0,0,0,1,1
774,Inspired ,0,0,0,0,0,0
775,This comi,0,0,0,0,0,0
776,The Luna ,0,0,1,1,0,0
777,DIY Cart,0,0,0,1,0,0
778,Course su,0,0,0,1,0,0
779,How to pl,0,0,1,1,0,0
780,Selling c,0,0,0,1,0,0
781,Take me t,0,0,0,0,0,0
782,Anyone ha,1,0,1,0,0,0
783,Little ma,0,0,0,0,0,0
784,Just play,0,0,0,0,0,0
785,Bert Krei,0,0,0,1,0,0
786,Saturday ,0,1,0,0,1,1
787,Tomahawk ,1,0,0,0,1,1
788,Today we ,0,0,0,0,0,0
789,Finally,0,0,0,0,0,0
790,How would,0,1,1,0,0,0
791,Star Stin,0,0,0,0,0,0
792,Happy Bir,0,0,0,0,0,0
793,2-3 weeks,0,0,0,1,0,0
794,Question ,0,0,0,1,0,0
795,Udisc & G,0,0,0,1,0,0
796,Any help?,0,0,1,1,0,0
797,I motion ,1,0,1,0,0,0
798,Do you ha,0,0,1,1,0,0
799,Need Help,1,1,0,0,0,0
800,Looking f,0,0,0,0,0,0
801,I think m,0,0,0,0,0,0
802,Skip ace?,1,1,1,1,0,0
803,Condor,0,0,0,1,0,0
804,Jomez edi,0,0,0,0,0,0
805,5 player ,0,0,0,1,0,0
806,LWS Open ,0,1,0,1,0,0
807,Who signs,0,0,1,1,0,0
808,Does anyb,0,0,1,1,0,0
809,I feel li,0,0,0,0,0,0
810,Hole 7 at,0,0,0,0,0,0
811,Low Gap i,0,0,0,1,0,0
812,Whats it ,0,0,0,1,0,0
813,What is t,0,1,1,1,0,0
814,Left hand,0,0,0,1,0,0
815,The views,0,0,0,0,0,0
816,Crazy ide,0,0,0,0,0,0
817,Farthest ,0,0,0,0,0,0
818,Me to AB ,0,0,0,0,0,0
819,Broke 450,0,0,0,0,0,0
820,The fathe,0,0,0,0,0,0
821,Tips on h,0,0,1,1,0,0
822,ðŸŒˆ,0,0,0,0,0,0
823,Any sugge,0,0,1,1,0,0
824,Obligator,1,0,0,0,1,1
825,Raised ba,0,0,1,0,0,0
826,Crazy day,0,0,0,0,0,0
827,Shoulder ,0,0,0,1,0,0
828,European ,0,0,0,1,0,0
829,Need some,0,0,0,1,0,0
830,Parker We,0,0,0,0,0,0
831,Best disc,0,0,1,1,0,0
832,The yips ,0,1,0,0,0,0
833,Vacation ,0,0,0,0,0,0
834,Philo Bin,0,0,0,0,0,0
835,The goose,0,0,0,0,0,0
836,Whistler ,0,0,1,0,0,0
837,TIL there,0,0,0,0,0,0
838,Need some,0,0,0,0,0,0
839,F2 haul t,0,0,0,1,0,0
840,Udisc Wat,0,0,1,0,0,0
841,Discs wit,0,0,1,1,0,0
842,This is g,0,0,0,0,0,0
843,Elevate e,0,0,0,0,0,0
844,Best plac,1,1,1,1,0,0
845,Infinite ,0,0,0,1,0,0
846,Got my fi,0,0,0,0,0,0
847,Do Round ,0,0,1,1,0,0
848,Thank you,0,0,0,0,0,0
849,Found thi,0,0,1,0,0,0
850,What do w,1,0,1,0,0,0
851,Trying fo,0,0,0,0,0,0
852,Confessio,0,0,0,1,0,0
853,Khmer Cup,0,0,0,0,0,0
854,Road Trip,0,0,0,1,0,0
855,Grandma m,0,1,1,1,0,0
856,Whatâ€™s th,0,0,0,0,0,0
857,Gateway D,0,0,0,1,0,0
858,Ambidextr,0,0,1,1,0,0
859,Disc for ,0,0,0,1,0,0
860,Are tourn,0,0,1,1,0,0
861,Missy Gan,0,0,0,0,0,0
862,2023 Idle,0,0,0,1,0,0
863,The ruins,0,0,0,0,0,0
864,Raven Kle,0,0,0,0,0,0
865,The Europ,0,0,0,0,0,0
866,Long bird,0,0,0,0,0,0
867,Finally h,0,0,0,0,0,0
868,Innova F2,0,0,0,0,0,0
869,Opinion o,1,1,0,1,1,0
870,Aviars ->,0,0,1,0,0,0
871,What's th,0,0,1,1,0,0
872,Post your,0,0,0,0,0,0
873,Idlewild ,0,0,0,0,0,0
874,Help me b,0,0,0,1,0,0
875,Should I ,0,0,1,1,0,0
876,Not your ,0,0,1,1,0,0
877,uDisc Put,0,0,1,1,0,0
878,Is there ,0,0,1,1,0,0
879,MVP Rover,0,0,1,1,0,0
880,Whatâ€™s yo,0,0,1,1,0,0
881,Bag Check,0,0,0,0,0,0
882,Looking f,0,0,0,0,0,0
883,Rule book,0,1,1,1,0,0
884,Prodigy D,0,0,0,0,0,0
885,Johnny 2 ,0,0,0,0,0,0
886,How often,0,0,1,0,0,0
887,Broke PR ,0,1,0,0,0,0
888,Right han,0,0,0,1,0,0
889,Infinite ,0,0,0,1,0,0
890,LWS Open ,0,1,0,1,0,0
891,Caddy Gui,0,0,0,0,0,0
892,Old FireS,0,0,0,0,0,0
893,Forehand ,0,0,0,0,0,0
894,Track C1x,0,0,1,1,0,0
895,Use of th,0,0,0,1,0,0
896,New prodi,0,0,0,1,0,0
897,oof,0,0,0,0,0,0
898,What are ,0,0,1,1,0,0
899,How many ,0,0,1,0,0,0
900,The Czech,0,0,0,0,0,0
901,Idlewild ,0,0,0,1,0,0
902,Big congr,1,0,0,0,0,0
903,Finally g,0,0,0,0,0,0
904,Help me p,0,0,1,0,0,0
905,YOU SHALL,0,0,0,0,0,0
906,A lost di,0,0,0,0,0,0
907,Made the ,0,1,0,0,0,0
908,Innova U-,0,0,0,1,0,0
909,I wasn't ,0,0,0,0,0,0
910,MICHGAIN ,0,0,0,1,0,0
911,Durham Co,0,0,0,1,0,0
912,About 2 m,0,0,1,0,0,0
913,Disc reco,0,0,1,0,0,0
914,New playe,0,0,1,1,0,0
915,1 week in,0,0,0,0,0,0
916,Undertake,0,1,1,0,0,0
917,Camping/ ,0,0,0,0,0,0
918,Why and w,0,0,1,1,0,0
919,Kevin Jon,0,0,0,0,0,0
920,Valkyrie ,0,0,1,0,0,0
921,Traveling,0,0,1,1,0,0
922,One of us,0,0,0,0,0,0
923,Planning ,1,1,0,1,0,0
924,Turns out,0,0,0,0,0,0
925,Beginners,0,0,0,1,0,0
926,It is lit,0,0,0,0,0,0
927,My Best f,0,0,1,0,0,0
928,ARDG Char,0,0,0,0,0,0
929,What are ,0,0,1,0,0,0
930,How slow ,0,0,1,1,0,0
931,How often,0,0,1,0,0,0
932,Smaull Ul,0,0,0,0,0,0
933,Innova vi,1,1,0,1,0,0
934,Courses w,0,0,0,1,0,0
935,Disc foun,0,1,0,1,0,0
936,Uli durin,0,0,0,0,0,0
937,Finland: ,0,0,0,0,0,0
938,Brodie Sm,0,0,0,0,0,0
939,Ranger Te,0,0,0,1,0,0
940,New to di,0,0,0,0,0,0
941,Never see,0,0,0,0,0,0
942,Watt,0,0,0,0,0,0
943,Anyone el,0,0,1,0,0,0
944,Speaker M,0,1,0,1,0,0
945,Heidi Lai,0,0,0,0,0,0
946,Custom di,0,0,0,0,0,0
947,Beginner ,0,0,0,0,0,0
948,First tim,0,0,0,0,0,0
949,First Ace,1,1,0,0,1,1
950,Question ,0,0,0,1,0,0
951,Death Put,0,0,0,0,0,0
952,Desert go,0,0,0,0,0,0
953,Best begi,0,0,1,1,0,0
954,When you ,0,0,0,0,0,0
955,Innova Ki,1,0,1,1,0,0
956,Jackalope,0,0,0,1,0,0
957,Bag Help,0,1,0,0,0,0
958,Gateway P,0,0,0,1,0,0
959,Fairway d,0,0,0,0,0,0
960,When I kn,0,0,0,0,0,0
961,Backhand ,0,0,0,1,0,0
962,Sunglasse,0,0,0,1,0,0
963,Infinite ,0,0,0,0,0,0
964,Question ,0,0,0,1,0,0
965,Itâ€™s funn,0,0,0,0,0,0
966,Wind hold,0,0,0,0,0,0
967,Sponsorsh,0,1,1,1,0,0
968,LIVE Euro,0,0,0,0,0,0
969,Looking f,0,0,0,1,0,0
970,First eve,0,0,0,0,0,0
971,Halo Fire,0,1,0,0,1,1
972,Course Sh,0,0,0,0,0,0
973,TSA Pathf,0,0,0,1,0,0
974,UV flashl,0,0,0,1,0,0
975,Torn abou,0,0,0,0,0,0
976,Almost 3 ,0,1,0,0,0,0
977,9 hole ar,0,0,0,0,0,0
978,Lavone Wo,1,0,0,0,0,0
979,L64 Opto ,0,1,0,1,0,0
980,Kristofer,0,0,0,0,0,0
981,ripping o,0,0,1,1,0,0
982,Play it a,0,0,0,1,0,0
983,First Bir,0,0,0,0,0,0
984,ZUCA back,0,0,0,0,0,0
985,RIP Hole ,0,0,0,0,0,0
986,At Ledges,0,0,0,0,0,0
987,Noob here,0,1,1,0,0,0
988,Stamp ID,0,0,0,0,0,0
989,Field Wor,0,0,0,1,0,0
990,What's th,0,0,1,1,0,0
991,Let me he,0,0,0,0,0,0
992,This tree,0,0,0,0,0,0
993,Ledgeston,0,0,0,0,0,0
994,Unintenti,0,0,0,1,0,0
995,2023 Bars,0,0,0,0,0,0
996,Long ques,0,0,0,1,0,0
